id,mean_fare	,std_fare,batas_min_fare,batas_max_fare
1,13.67555,11.778142,-21.658875,49.009975
2,84.154687,78.380373,-150.98643,319.295805
3,20.662183,13.417399,-19.590013,60.914379
